{"stats":{"minecraft:crafted":{"minecraft:oak_planks":28,"minecraft:wooden_hoe":1,"minecraft:shield":1,"minecraft:crafting_table":2,"minecraft:stick":12,"minecraft:wooden_pickaxe":1,"minecraft:iron_ingot":1,"minecraft:stone_pickaxe":1,"minecraft:stone_sword":1,"minecraft:torch":8,"minecraft:stone_axe":1},"minecraft:picked_up":{"minecraft:raw_iron":3,"minecraft:wheat":84,"minecraft:stone_brick_wall":1,"minecraft:stone_brick_stairs":2,"minecraft:oak_log":14,"minecraft:chain":1,"minecraft:dirt":7,"minecraft:bone":2,"minecraft:rotten_flesh":2,"minecraft:wheat_seeds":222,"minecraft:brown_banner":1,"minecraft:moss_block":1,"minecraft:oak_planks":2,"minecraft:coal":2,"minecraft:cobblestone":20},"minecraft:dropped":{"minecraft:wheat_seeds":1,"minecraft:wooden_hoe":1},"minecraft:used":{"minecraft:oak_log":4,"minecraft:wheat_seeds":117,"minecraft:moss_block":1,"minecraft:wooden_hoe":9,"minecraft:stone_sword":5,"minecraft:bread":2,"minecraft:stone_pickaxe":17,"minecraft:oak_planks":2,"minecraft:wooden_pickaxe":10,"minecraft:stone_brick_stairs":2,"minecraft:stone_axe":7,"minecraft:torch":3,"minecraft:dirt":6,"minecraft:cobblestone":1,"minecraft:crafting_table":2,"minecraft:brown_banner":1,"minecraft:chain":1,"alexsmobs:animal_dictionary":1,"minecraft:stone_brick_wall":1},"minecraft:killed":{"minecraft:skeleton":1},"minecraft:mined":{"minecraft:podzol":1,"minecraft:chain":1,"minecraft:iron_ore":3,"minecraft:wheat":81,"minecraft:stone_brick_stairs":3,"minecraft:stone_brick_wall":1,"minecraft:grass":8,"biomesoplenty:clover":10,"minecraft:grass_block":5,"minecraft:oak_log":14,"biomesoplenty:flowering_oak_leaves":1,"minecraft:dirt":2,"minecraft:cobblestone":1,"biomesoplenty:sprout":3,"minecraft:stone":18,"minecraft:moss_block":1,"minecraft:oak_planks":2},"minecraft:custom":{"minecraft:time_since_rest":18365,"minecraft:sprint_one_cm":16462,"minecraft:damage_taken":155,"minecraft:walk_one_cm":63810,"minecraft:mob_kills":1,"minecraft:drop":2,"minecraft:damage_dealt":250,"minecraft:swim_one_cm":7071,"minecraft:interact_with_crafting_table":13,"minecraft:fly_one_cm":55082,"minecraft:open_barrel":1,"minecraft:open_chest":2,"minecraft:crouch_one_cm":577,"minecraft:play_time":18365,"tombstone:undead_killed":1,"minecraft:sneak_time":340,"minecraft:walk_under_water_one_cm":1067,"minecraft:jump":184,"minecraft:time_since_death":18365,"minecraft:leave_game":1,"minecraft:walk_on_water_one_cm":16279,"minecraft:total_world_time":18365,"minecraft:fall_one_cm":2057}},"DataVersion":3465}