{"stats":{"minecraft:picked_up":{"iceandfire:dragon_skull_ice":1,"iceandfire:dragonbone":13,"iceandfire:silver_nugget":62,"born_in_chaos_v1:fused_bone":1},"minecraft:used":{"minecraft:snow":1,"minecraft:grass_block":3},"minecraft:dropped":{"iceandfire:silver_nugget":62,"iceandfire:dragon_skull_ice":1,"born_in_chaos_v1:fused_bone":1,"iceandfire:dragonbone":13},"minecraft:custom":{"minecraft:jump":1187,"minecraft:time_since_rest":29951,"minecraft:damage_dealt":57,"minecraft:leave_game":2,"minecraft:sprint_one_cm":99077,"minecraft:play_time":29951,"minecraft:walk_on_water_one_cm":4600,"minecraft:time_since_death":29951,"minecraft:walk_one_cm":54296,"minecraft:total_world_time":30647,"minecraft:walk_under_water_one_cm":1921,"minecraft:swim_one_cm":200,"minecraft:drop":77,"minecraft:fly_one_cm":491753}},"DataVersion":3465}