{"stats":{"minecraft:crafted":{"minecraft:oak_planks":28,"minecraft:crafting_table":2,"minecraft:wooden_pickaxe":1,"minecraft:stone_axe":1,"minecraft:wooden_hoe":1,"minecraft:shield":1,"minecraft:stick":12,"minecraft:iron_ingot":1,"minecraft:stone_pickaxe":1,"minecraft:stone_sword":1,"minecraft:torch":8},"minecraft:picked_up":{"minecraft:wheat":84,"alexscaves:primal_magma":5,"minecraft:stone_brick_wall":1,"minecraft:flint":2,"minecraft:stone_brick_stairs":2,"minecraft:oak_log":15,"minecraft:chain":1,"minecraft:dirt":130,"minecraft:bone":2,"minecraft:wheat_seeds":225,"minecraft:poppy":1,"minecraft:moss_block":1,"minecraft:oak_planks":2,"minecraft:raw_iron":4,"minecraft:dandelion":1,"minecraft:gravel":6,"minecraft:rotten_flesh":2,"minecraft:oak_sapling":1,"minecraft:brown_banner":1,"minecraft:coal":7,"minecraft:cobblestone":120},"minecraft:dropped":{"minecraft:wheat_seeds":1,"minecraft:wooden_hoe":1},"minecraft:used":{"minecraft:moss_block":1,"minecraft:wheat_seeds":117,"minecraft:stone_sword":5,"alexscaves:spawn_egg_atlatitan":1,"alexscaves:spawn_egg_tremorzilla":7,"minecraft:stone_pickaxe":17,"alexscaves:spawn_egg_luxtructosaurus":3,"alexscaves:spawn_egg_relicheirus":1,"minecraft:oak_planks":2,"cataclysm:ender_golem_spawn_egg":6,"minecraft:wooden_pickaxe":10,"alexscaves:spawn_egg_deep_one_mage":1,"alexscaves:spawn_egg_hullbreaker":5,"minecraft:torch":3,"minecraft:dirt":6,"minecraft:crafting_table":2,"minecraft:brown_banner":1,"minecraft:stone_brick_wall":1,"minecraft:oak_log":4,"minecraft:wooden_hoe":9,"alexscaves:spawn_egg_tremorsaurus":41,"alexscaves:spawn_egg_deep_one":1,"alexscaves:spawn_egg_mine_guardian":1,"minecraft:bread":2,"alexscaves:spawn_egg_deep_one_knight":1,"minecraft:stone_brick_stairs":2,"minecraft:stone_axe":7,"minecraft:cobblestone":1,"alexscaves:spawn_egg_tripodfish":1,"minecraft:chain":1,"alexsmobs:animal_dictionary":1,"alexscaves:spawn_egg_gossamer_worm":1},"minecraft:killed":{"minecraft:skeleton":1},"minecraft:mined":{"minecraft:podzol":1,"minecraft:grass_block":5,"minecraft:stone_brick_wall":1,"biomesoplenty:flowering_oak_leaves":1,"minecraft:cobblestone":1,"biomesoplenty:sprout":3,"minecraft:oak_planks":2,"minecraft:moss_block":1,"minecraft:chain":1,"minecraft:iron_ore":3,"minecraft:wheat":81,"minecraft:stone_brick_stairs":3,"minecraft:grass":8,"biomesoplenty:clover":10,"minecraft:oak_log":14,"minecraft:dirt":2,"minecraft:stone":18},"minecraft:custom":{"minecraft:mob_kills":1,"minecraft:interact_with_crafting_table":13,"minecraft:open_barrel":1,"minecraft:leave_game":1,"minecraft:time_since_death":30365,"minecraft:time_since_rest":30365,"minecraft:sprint_one_cm":19022,"minecraft:damage_taken":155,"minecraft:walk_one_cm":84811,"minecraft:drop":2,"minecraft:damage_dealt":292,"minecraft:swim_one_cm":7071,"minecraft:fly_one_cm":160898,"minecraft:open_chest":2,"minecraft:crouch_one_cm":577,"minecraft:play_time":30365,"tombstone:undead_killed":1,"minecraft:sneak_time":353,"minecraft:walk_under_water_one_cm":1067,"minecraft:jump":240,"minecraft:walk_on_water_one_cm":16279,"minecraft:total_world_time":30365,"minecraft:fall_one_cm":2057}},"DataVersion":3465}