{"stats":{"minecraft:picked_up":{"iceandfire:dragon_skull_ice":1,"iceandfire:dragonbone":13,"born_in_chaos_v1:fused_bone":1},"minecraft:dropped":{"iceandfire:dragon_skull_ice":1,"born_in_chaos_v1:fused_bone":1,"iceandfire:dragonbone":13},"minecraft:used":{"minecraft:snow":1,"minecraft:grass_block":1},"minecraft:custom":{"minecraft:jump":671,"minecraft:time_since_rest":17951,"minecraft:damage_dealt":37,"minecraft:leave_game":2,"minecraft:sprint_one_cm":59084,"minecraft:play_time":17951,"minecraft:walk_on_water_one_cm":1614,"minecraft:time_since_death":17951,"minecraft:walk_one_cm":29025,"minecraft:total_world_time":18647,"minecraft:walk_under_water_one_cm":1096,"minecraft:drop":15,"minecraft:fly_one_cm":285148}},"DataVersion":3465}