{"stats":{"minecraft:picked_up":{"born_in_chaos_v1:fused_bone":1,"iceandfire:dragon_skull_ice":1,"iceandfire:dragonbone":13,"iceandfire:silver_nugget":62},"minecraft:used":{"minecraft:zombie_horse_spawn_egg":1,"minecraft:snow":1,"minecraft:zombie_head":1,"minecraft:grass_block":3,"minecraft:zombie_spawn_egg":1,"minecraft:zombified_piglin_spawn_egg":1,"tameablebeasts:quetzal_spawn_egg":2},"minecraft:dropped":{"iceandfire:silver_nugget":62,"iceandfire:dragon_skull_ice":1,"born_in_chaos_v1:fused_bone":1,"iceandfire:dragonbone":13},"minecraft:custom":{"minecraft:time_since_rest":47951,"minecraft:play_time":47951,"minecraft:sprint_one_cm":136031,"minecraft:walk_one_cm":85950,"minecraft:sneak_time":7,"minecraft:walk_under_water_one_cm":2159,"minecraft:drop":77,"minecraft:jump":1572,"minecraft:damage_dealt":156,"minecraft:leave_game":2,"minecraft:time_since_death":47951,"minecraft:walk_on_water_one_cm":5168,"minecraft:total_world_time":48647,"minecraft:climb_one_cm":340,"minecraft:swim_one_cm":200,"minecraft:fly_one_cm":612958}},"DataVersion":3465}