{"stats":{"minecraft:crafted":{"minecraft:oak_planks":28,"minecraft:crafting_table":2,"minecraft:wooden_pickaxe":1,"minecraft:stone_axe":1,"minecraft:wooden_hoe":1,"minecraft:shield":1,"minecraft:stick":12,"minecraft:iron_ingot":1,"minecraft:stone_pickaxe":1,"minecraft:stone_sword":1,"minecraft:torch":8},"minecraft:picked_up":{"minecraft:wheat":84,"alexscaves:primal_magma":6,"cataclysm:monstrous_horn":1,"aquamirae:three_bolt_helmet":1,"minecraft:filled_map":1,"aquamirae:coral_lance":1,"minecraft:stone_brick_wall":1,"minecraft:bedrock":1,"minecraft:flint":3,"minecraft:stone_brick_stairs":2,"minecraft:oak_log":15,"minecraft:chain":1,"alexscaves:tectonic_shard":4,"minecraft:gunpowder":3,"cataclysm:gauntlet_of_guard":1,"minecraft:dirt":155,"biomesoplenty:tall_lavender":1,"minecraft:kelp":10,"minecraft:bone":2,"cataclysm:infernal_forge":1,"iceandfire:myrmex_jungle_resin":5,"graveyard:black_bone_staff":1,"graveyard:corruption":2,"minecraft:wheat_seeds":226,"minecraft:poppy":1,"minecraft:moss_block":1,"iceandfire:dragonscales_electric":26,"born_in_chaos_v1:dark_vortex_spawn_egg":64,"minecraft:oak_planks":2,"aquamirae:frozen_key":1,"deep_dark_regrowth:weakened_bedrock":1,"minecraft:raw_iron":4,"alexscaves:fissile_core":1,"minecraft:dandelion":1,"minecraft:gravel":18,"minecraft:carrot":1,"minecraft:redstone":1,"aquamirae:poisoned_blade":1,"minecraft:rotten_flesh":5,"graveyard:purple_bone_staff":2,"minecraft:lever":3,"aquamirae:treasure_pouch":1,"minecraft:oak_sapling":1,"minecraft:brown_banner":1,"minecraft:mutton":10,"minecraft:coal":8,"iceandfire:raw_silver":2,"minecraft:cobblestone":190},"minecraft:dropped":{"minecraft:wheat_seeds":1,"deep_dark_regrowth:weakened_bedrock":1,"alexscaves:tectonic_shard":2,"minecraft:dirt":67,"minecraft:milk_bucket":1,"minecraft:wooden_hoe":1},"minecraft:used":{"minecraft:moss_block":1,"minecraft:wheat_seeds":117,"minecraft:stone_sword":5,"alexscaves:spawn_egg_atlatitan":1,"minecraft:flint_and_steel":6,"alexscaves:spawn_egg_tremorzilla":7,"alexscaves:spawn_egg_gammaroach":1,"minecraft:stone_pickaxe":17,"alexscaves:spawn_egg_luxtructosaurus":6,"alexscaves:spawn_egg_relicheirus":1,"minecraft:oak_planks":2,"twilightforest:glass_sword":321,"cataclysm:ender_golem_spawn_egg":6,"minecraft:wooden_pickaxe":10,"alexscaves:spawn_egg_deep_one_mage":1,"alexscaves:spawn_egg_hullbreaker":5,"minecraft:torch":3,"minecraft:dirt":80,"minecraft:crafting_table":2,"minecraft:brown_banner":1,"aquamirae:captain_cornelia_spawn_egg":1,"alexscaves:spawn_egg_nucleeper":63,"minecraft:stone_brick_wall":1,"minecraft:oak_log":4,"minecraft:wooden_hoe":9,"minecraft:sea_lantern":48,"alexscaves:spawn_egg_brainiac":1,"alexscaves:spawn_egg_tremorsaurus":41,"alexscaves:spawn_egg_deep_one":1,"alexscaves:spawn_egg_mine_guardian":1,"minecraft:bread":2,"alexscaves:spawn_egg_deep_one_knight":1,"deep_dark_regrowth:weakened_bedrock":54,"graveyard:purple_bone_staff":1,"minecraft:bedrock":128,"minecraft:stone_brick_stairs":2,"alexscaves:spawn_egg_raycat":1,"minecraft:stone_axe":7,"alexscaves:spawn_egg_radgill":1,"minecraft:cobblestone":1,"alexscaves:spawn_egg_tripodfish":1,"minecraft:chain":1,"alexsmobs:animal_dictionary":2,"alexscaves:spawn_egg_gossamer_worm":1,"minecraft:splash_potion":54},"minecraft:killed":{"born_in_chaos_v1:mr_pumpkin":1,"deep_dark_regrowth:vault_chest":1,"aquamirae:captain_cornelia":1,"cataclysm:netherite_monstrosity":1,"cataclysm:the_leviathan":1,"graveyard:lich":3,"minecraft:skeleton":1,"cataclysm:ender_guardian":1,"alexscaves:tremorzilla":1,"iceandfire:myrmex_royal":1,"twilightforest:ur_ghast":1,"iceandfire:pixie":1,"iceandfire:lightning_dragon":1,"born_in_chaos_v1:door_knight":1,"minecraft:player":1},"minecraft:mined":{"minecraft:podzol":1,"minecraft:grass_block":5,"minecraft:stone_brick_wall":1,"biomesoplenty:flowering_oak_leaves":1,"minecraft:cobblestone":1,"biomesoplenty:sprout":3,"minecraft:oak_planks":2,"minecraft:moss_block":1,"minecraft:chain":1,"minecraft:iron_ore":3,"minecraft:wheat":81,"minecraft:stone_brick_stairs":3,"minecraft:grass":8,"biomesoplenty:clover":10,"minecraft:oak_log":14,"minecraft:dirt":2,"minecraft:stone":18},"minecraft:custom":{"minecraft:mob_kills":17,"minecraft:interact_with_crafting_table":13,"minecraft:open_barrel":1,"minecraft:damage_dealt_resisted":2926,"minecraft:leave_game":1,"minecraft:time_since_death":90365,"minecraft:climb_one_cm":603,"minecraft:time_since_rest":90365,"minecraft:sprint_one_cm":46756,"minecraft:damage_taken":155,"minecraft:walk_one_cm":160336,"minecraft:drop":10,"minecraft:damage_dealt":55391,"minecraft:player_kills":1,"minecraft:swim_one_cm":7071,"minecraft:fly_one_cm":580448,"minecraft:open_chest":3,"minecraft:crouch_one_cm":602,"minecraft:play_time":90365,"tombstone:undead_killed":6,"minecraft:sneak_time":604,"minecraft:walk_under_water_one_cm":13008,"minecraft:jump":2059,"minecraft:walk_on_water_one_cm":18898,"minecraft:total_world_time":90365,"minecraft:fall_one_cm":2057}},"DataVersion":3465}