{"stats":{"minecraft:crafted":{"minecraft:oak_planks":20,"minecraft:wooden_hoe":1,"minecraft:crafting_table":1,"minecraft:stick":4},"minecraft:picked_up":{"minecraft:wheat":84,"minecraft:wheat_seeds":221,"minecraft:oak_log":5,"minecraft:moss_block":1,"minecraft:brown_banner":1,"minecraft:coal":2,"minecraft:dirt":1},"minecraft:dropped":{"minecraft:wheat_seeds":1},"minecraft:used":{"minecraft:moss_block":1,"minecraft:wheat_seeds":114,"minecraft:wooden_hoe":7,"minecraft:dirt":1,"minecraft:crafting_table":1,"minecraft:brown_banner":1,"alexsmobs:animal_dictionary":1},"minecraft:mined":{"minecraft:grass_block":1,"minecraft:grass":1,"biomesoplenty:clover":6,"minecraft:oak_log":5,"biomesoplenty:flowering_oak_leaves":1,"minecraft:wheat":81,"biomesoplenty:sprout":3,"minecraft:moss_block":1,"minecraft:podzol":1},"minecraft:custom":{"minecraft:time_since_rest":6365,"minecraft:open_chest":1,"minecraft:play_time":6365,"minecraft:sprint_one_cm":6921,"minecraft:damage_taken":10,"minecraft:walk_one_cm":36224,"minecraft:drop":1,"minecraft:jump":54,"minecraft:leave_game":1,"minecraft:walk_on_water_one_cm":1790,"minecraft:time_since_death":6365,"minecraft:total_world_time":6365,"minecraft:interact_with_crafting_table":5,"minecraft:fall_one_cm":1163,"minecraft:fly_one_cm":4884}},"DataVersion":3465}