{"stats":{"minecraft:picked_up":{"born_in_chaos_v1:fused_bone":1,"minecraft:mud":1,"minecraft:raw_iron":5,"iceandfire:dragonbone":13,"alexscaves:primal_magma":244,"minecraft:gravel":37,"ancient_elements:raw_lead":2,"minecraft:flint":8,"ancient_elements:raw_tin":3,"minecraft:dirt":32,"tombstone:scroll_of_purification":1,"minecraft:raw_copper":9,"iceandfire:dragon_skull_ice":1,"undead_revamp2:theimmortal_spawn_egg":1,"iceandfire:silver_nugget":62,"minecraft:coal":8,"gobber2:gobber2_goo":2,"minecraft:cobblestone":917},"minecraft:used":{"minecraft:zombie_horse_spawn_egg":1,"minecraft:zombie_head":1,"minecraft:grass_block":3,"twilightforest:glass_sword":71,"minecraft:zombie_spawn_egg":1,"undead_revamp2:theimmortal_spawn_egg":1,"tameablebeasts:quetzal_spawn_egg":2,"minecraft:snow":1,"minecraft:zombified_piglin_spawn_egg":1},"minecraft:dropped":{"iceandfire:silver_nugget":62,"born_in_chaos_v1:fused_bone":1,"alexscaves:primal_magma":2,"iceandfire:dragon_skull_ice":1,"iceandfire:dragonbone":13},"minecraft:killed":{"alexscaves:tremorzilla":2,"alexscaves:luxtructosaurus":1},"minecraft:custom":{"minecraft:time_since_rest":59702,"minecraft:sprint_one_cm":140360,"minecraft:walk_one_cm":99157,"minecraft:mob_kills":3,"minecraft:drop":79,"minecraft:damage_dealt":11009,"minecraft:swim_one_cm":200,"minecraft:fly_one_cm":630620,"minecraft:play_time":59702,"tombstone:undead_killed":1,"minecraft:sneak_time":36,"minecraft:walk_under_water_one_cm":25777,"minecraft:jump":1597,"tombstone:kill_undead_boss":1,"minecraft:leave_game":3,"minecraft:walk_on_water_one_cm":13022,"minecraft:time_since_death":59702,"minecraft:climb_one_cm":340,"minecraft:total_world_time":60398}},"DataVersion":3465}