{"stats":{"minecraft:crafted":{"minecraft:oak_planks":40,"biomesoplenty:jacaranda_planks":20,"minecraft:crafting_table":1,"minecraft:wooden_pickaxe":1,"minecraft:bread":12,"minecraft:stick":8,"minecraft:stone_pickaxe":1,"minecraft:wooden_axe":1,"minecraft:iron_shovel":1,"minecraft:torch":8,"minecraft:wheat":36},"minecraft:killed_by":{"minecraft:player":1,"alexscaves:luxtructosaurus":2,"graveyard:lich":2},"minecraft:picked_up":{"minecraft:charcoal":2,"minecraft:coarse_dirt":1,"minecraft:wheat":1,"alexscaves:primal_magma":27,"minecraft:oak_log":13,"alexscaves:tectonic_shard":6,"minecraft:gunpowder":2,"minecraft:wooden_hoe":1,"skilltree:gem":4,"minecraft:dirt":27,"minecraft:lantern":1,"born_in_chaos_v1:pumpkin_pistol":1,"minecraft:sticky_piston":2,"biomesoplenty:tall_lavender":1,"minecraft:bone":2,"minecraft:shroomlight":1,"graveyard:corruption":4,"minecraft:wheat_seeds":9,"gobber2:gobber2_gooey_bread":1,"born_in_chaos_v1:soulbane":1,"minecraft:raw_iron":1,"minecraft:stick":3,"minecraft:milk_bucket":1,"alexscaves:fissile_core":1,"minecraft:torch":1,"minecraft:gravel":15,"ancient_elements:raw_tin":1,"minecraft:stripped_spruce_log":1,"born_in_chaos_v1:fallen_chaos_knight_spawn_egg":64,"useless_sword:charged_gold_iron_alloy_sword":1,"minecraft:spruce_log":1,"biomesoplenty:flowering_oak_sapling":2,"minecraft:rotten_flesh":8,"biomesoplenty:jacaranda_log":5,"born_in_chaos_v1:magical_holiday_candy":47,"minecraft:lever":1,"minecraft:hay_block":4,"minecraft:oak_sapling":4,"born_in_chaos_v1:pumpkin_bullet":29,"minecraft:coal":13,"iceandfire:raw_silver":3,"minecraft:cobblestone":156},"minecraft:dropped":{"minecraft:bedrock":2,"alexscaves:tectonic_shard":4,"minecraft:shroomlight":1,"graveyard:wither_torso_pile":1,"tombstone:grave_key":2},"minecraft:used":{"iceandfire:spawn_egg_hydra":1,"graveyard:wither_torso_pile":8,"ancient_elements:elementinium_sword":29,"minecraft:iron_shovel":10,"minecraft:flint_and_steel":2,"born_in_chaos_v1:bloody_gadfly_spawn_egg":10,"minecraft:stone_pickaxe":117,"twilightforest:hydra_boss_spawner":3,"minecraft:oak_planks":1,"twilightforest:glass_sword":6,"minecraft:wooden_pickaxe":5,"friendsandfoes:glare_spawn_egg":1,"minecraft:torch":6,"minecraft:dirt":12,"minecraft:strider_spawn_egg":2,"minecraft:crafting_table":1,"ancient_elements:galactrium_sword":6,"minecraft:spruce_log":1,"minecraft:milk_bucket":1,"minecraft:warden_spawn_egg":6,"minecraft:shroomlight":40,"twilightforest:hydra_spawn_egg":7,"minecraft:wooden_axe":16,"blue_skies:diophyde_prowler_spawn_egg":3,"minecraft:lantern":1,"minecraft:bread":3,"alexsmobs:spawn_egg_devils_hole_pupfish":4,"undead_revamp2:chainsword":33,"minecraft:bedrock":57,"minecraft:cobblestone":38,"tombstone:gift":2,"alexsmobs:animal_dictionary":1,"deep_dark_regrowth:vault_chest_spawn_egg":2,"minecraft:enchanted_golden_apple":13},"minecraft:killed":{"iceandfire:hippocampus":1,"born_in_chaos_v1:mr_pumpkin":2,"graveyard:ghoul":5,"born_in_chaos_v1:lord_pumpkinhead_head":1},"minecraft:mined":{"iceandfire:silver_ore":3,"minecraft:grass_block":3,"minecraft:campfire":1,"minecraft:tall_grass":4,"minecraft:cobblestone":1,"biomesoplenty:sprout":7,"minecraft:wall_torch":1,"minecraft:hay_block":4,"biomesoplenty:jacaranda_log":7,"biomesoplenty:tall_lavender":2,"minecraft:fire":5,"biomesoplenty:clover":11,"minecraft:grass":37,"minecraft:oak_log":10,"minecraft:coal_ore":11,"minecraft:dirt":8,"minecraft:stone":107,"minecraft:oak_leaves":4},"minecraft:custom":{"minecraft:mob_kills":12,"minecraft:interact_with_crafting_table":4,"minecraft:open_barrel":5,"minecraft:leave_game":6,"minecraft:time_since_death":6827,"minecraft:climb_one_cm":150,"minecraft:damage_resisted":596,"minecraft:time_since_rest":6403,"minecraft:damage_absorbed":1699,"minecraft:sprint_one_cm":72850,"minecraft:damage_taken":1799,"minecraft:walk_one_cm":151308,"minecraft:drop":10,"minecraft:damage_dealt":4804,"minecraft:fly_one_cm":353388,"minecraft:open_chest":10,"minecraft:crouch_one_cm":9280,"minecraft:play_time":70736,"tombstone:undead_killed":5,"minecraft:deaths":6,"minecraft:sneak_time":3566,"minecraft:walk_under_water_one_cm":900,"minecraft:jump":567,"minecraft:walk_on_water_one_cm":9385,"minecraft:total_world_time":70736,"minecraft:fall_one_cm":16583}},"DataVersion":3465}