{"stats":{"minecraft:crafted":{"minecraft:oak_planks":40,"biomesoplenty:jacaranda_planks":20,"minecraft:crafting_table":1,"minecraft:stick":8,"minecraft:wooden_pickaxe":1,"minecraft:stone_pickaxe":1,"minecraft:wooden_axe":1,"minecraft:iron_shovel":1,"minecraft:torch":8,"minecraft:bread":12,"minecraft:wheat":36},"minecraft:picked_up":{"minecraft:charcoal":2,"minecraft:stick":2,"minecraft:wheat":1,"minecraft:torch":1,"minecraft:oak_log":10,"skilltree:gem":4,"minecraft:lantern":1,"minecraft:wooden_hoe":1,"biomesoplenty:flowering_oak_sapling":1,"minecraft:dirt":12,"biomesoplenty:tall_lavender":1,"biomesoplenty:jacaranda_log":5,"minecraft:wheat_seeds":8,"minecraft:hay_block":4,"minecraft:oak_sapling":2,"minecraft:coal":11,"iceandfire:raw_silver":3,"minecraft:cobblestone":107},"minecraft:used":{"minecraft:wooden_axe":16,"minecraft:iron_shovel":10,"minecraft:lantern":1,"minecraft:bread":3,"minecraft:stone_pickaxe":117,"minecraft:oak_planks":1,"minecraft:wooden_pickaxe":5,"minecraft:torch":6,"minecraft:cobblestone":17,"minecraft:dirt":12,"minecraft:crafting_table":1,"alexsmobs:animal_dictionary":1},"minecraft:mined":{"minecraft:hay_block":4,"biomesoplenty:jacaranda_log":7,"biomesoplenty:tall_lavender":2,"iceandfire:silver_ore":3,"minecraft:grass":37,"biomesoplenty:clover":11,"minecraft:coal_ore":11,"minecraft:grass_block":3,"minecraft:oak_log":10,"minecraft:campfire":1,"minecraft:dirt":8,"minecraft:tall_grass":4,"minecraft:cobblestone":1,"biomesoplenty:sprout":7,"minecraft:stone":107,"minecraft:oak_leaves":4,"minecraft:wall_torch":1},"minecraft:custom":{"minecraft:time_since_rest":1,"minecraft:sprint_one_cm":22149,"minecraft:damage_taken":210,"minecraft:walk_one_cm":52647,"minecraft:damage_dealt":68,"minecraft:interact_with_crafting_table":4,"minecraft:fly_one_cm":33598,"minecraft:open_barrel":5,"minecraft:open_chest":9,"minecraft:crouch_one_cm":3498,"minecraft:play_time":21664,"minecraft:deaths":1,"minecraft:sneak_time":1196,"minecraft:walk_under_water_one_cm":900,"minecraft:jump":211,"minecraft:leave_game":3,"minecraft:walk_on_water_one_cm":5406,"minecraft:time_since_death":2298,"minecraft:total_world_time":21664,"minecraft:fall_one_cm":6549}},"DataVersion":3465}