{"stats":{"minecraft:crafted":{"biomesoplenty:jacaranda_planks":20,"minecraft:crafting_table":1,"minecraft:stick":4,"minecraft:wooden_pickaxe":1,"minecraft:wooden_axe":1},"minecraft:picked_up":{"minecraft:charcoal":2,"biomesoplenty:tall_lavender":1,"biomesoplenty:jacaranda_log":5,"minecraft:wheat_seeds":8,"minecraft:dirt":1},"minecraft:used":{"minecraft:crafting_table":1,"alexsmobs:animal_dictionary":1},"minecraft:mined":{"minecraft:grass":28,"biomesoplenty:clover":10,"biomesoplenty:jacaranda_log":7,"biomesoplenty:tall_lavender":2,"minecraft:campfire":1,"minecraft:tall_grass":3,"biomesoplenty:sprout":5},"minecraft:custom":{"minecraft:open_barrel":4,"minecraft:time_since_rest":8205,"minecraft:open_chest":8,"minecraft:crouch_one_cm":582,"minecraft:play_time":8205,"minecraft:sprint_one_cm":15750,"minecraft:damage_taken":40,"minecraft:walk_one_cm":17505,"minecraft:sneak_time":124,"minecraft:jump":116,"minecraft:leave_game":1,"minecraft:walk_on_water_one_cm":442,"minecraft:time_since_death":8205,"minecraft:total_world_time":8205,"minecraft:interact_with_crafting_table":1,"minecraft:fall_one_cm":4216,"minecraft:fly_one_cm":25323}},"DataVersion":3465}