{"stats":{"minecraft:killed_by":{"undead_revamp2:theheavy":1,"minecraft:zombified_piglin":1},"minecraft:picked_up":{"minecraft:sunflower":1},"minecraft:used":{"minecraft:gunpowder":3,"minecraft:stick":5,"alexsmobs:spawn_egg_mimic_octopus":3,"tombstone:gift":1,"tameablebeasts:giant_roly_poly_spawn_egg":1,"tameablebeasts:chikote_spawn_egg":21,"tameablebeasts:scarecrow_spawn_egg":1,"tameablebeasts:argentavis_spawn_egg":3,"tameablebeasts:quetzal_spawn_egg":5,"tameablebeasts:crested_gecko_spawn_egg":2},"minecraft:dropped":{"tameablebeasts:giant_roly_poly_spawn_egg":1},"minecraft:mined":{"minecraft:sunflower":1,"biomesoplenty:sprout":3},"minecraft:custom":{"minecraft:time_since_rest":11869,"minecraft:play_time":23987,"minecraft:sprint_one_cm":30352,"minecraft:walk_one_cm":61085,"minecraft:damage_taken":460,"minecraft:deaths":2,"minecraft:drop":1,"minecraft:jump":144,"minecraft:damage_dealt":141,"minecraft:time_since_death":12810,"minecraft:walk_on_water_one_cm":401,"minecraft:total_world_time":23987,"minecraft:fall_one_cm":1035,"minecraft:fly_one_cm":215219}},"DataVersion":3465}