{"stats":{"minecraft:crafted":{"minecraft:oak_planks":4,"minecraft:furnace":1,"biomesoplenty:jacaranda_planks":8,"minecraft:crafting_table":1,"minecraft:wooden_pickaxe":1,"minecraft:stick":4},"minecraft:killed_by":{"undead_revamp2:sucker":1,"alexscaves:luxtructosaurus":3,"minecraft:skeleton":1,"alexscaves:brainiac":1,"alexscaves:relicheirus":1},"minecraft:picked_up":{"blue_skies:gatekeeper_spawn_egg":1,"iceandfire:spawn_egg_hippogryph":2,"minecraft:charcoal":2,"alexscaves:primal_magma":6,"alexscaves:radgill":1,"minecraft:wheat":26,"born_in_chaos_v1:seedof_chaos":1,"biomesoplenty:jacaranda_sapling":4,"minecraft:stone_brick_stairs":1,"alexscaves:bioluminesscence":3,"alexscaves:tectonic_shard":3,"biomesoplenty:tall_lavender":3,"minecraft:shroomlight":3,"graveyard:corruption":1,"minecraft:rose_bush":3,"minecraft:stick":2,"born_in_chaos_v1:shattered_skull":1,"minecraft:torch":1,"minecraft:spruce_fence":1,"tombstone:grave_dust":2,"minecraft:prismarine_crystals":6,"minecraft:rotten_flesh":4,"biomesoplenty:jacaranda_log":18,"minecraft:hay_block":1,"born_in_chaos_v1:infernal_spirit_spawn_egg":2,"minecraft:carved_pumpkin":1,"supplementaries:ash":1,"minecraft:cobblestone":29,"biomesoplenty:lavender":1,"born_in_chaos_v1:spiritual_dust":3,"minecraft:oak_log":9,"iceandfire:spawn_egg_lightning_dragon":2,"ancient_elements:galactrium_helmet":1,"aether:sentry_stone":1,"minecraft:dirt":46,"cataclysm:kobolediator_spawn_egg":64,"minecraft:wheat_seeds":84,"minecraft:soul_sand":1,"alexscaves:spawn_egg_teletor":1,"minecraft:sand":3,"minecraft:stripped_spruce_log":1,"minecraft:lever":2,"minecraft:golden_apple":1,"minecraft:oak_sapling":3,"minecraft:brown_banner":1,"cataclysm:modern_remnant_spawn_egg":1,"minecraft:coal":4},"minecraft:dropped":{"born_in_chaos_v1:lifestealer_spawn_egg":64,"alexscaves:spawn_egg_gammaroach":2,"deep_dark_regrowth:weakened_bedrock":1,"useless_sword:charged_gold_iron_alloy_sword":1,"blue_skies:gatekeeper_spawn_egg":1,"iceandfire:spawn_egg_lightning_dragon":2,"born_in_chaos_v1:fallen_chaos_knight_spawn_egg":64,"cataclysm:kobolediator_spawn_egg":64,"cataclysm:modern_remnant_spawn_egg":1,"minecraft:torch":1,"born_in_chaos_v1:darkwarblade":2,"born_in_chaos_v1:dark_vortex_spawn_egg":64,"born_in_chaos_v1:infernal_spirit_spawn_egg":2,"alexscaves:spawn_egg_teletor":1,"ancient_elements:galactrium_helmet":1,"graveyard:skeleton_creeper_spawn_egg":2,"iceandfire:spawn_egg_myrmex_royal":64,"iceandfire:spawn_egg_hippogryph":2},"minecraft:used":{"born_in_chaos_v1:supreme_bonescaller_not_despawn_spawn_egg":1,"deep_dark_regrowth:corrupted_skeleton_spawn_egg":1,"minecraft:rose_bush":3,"born_in_chaos_v1:senor_pumpkin_spawn_egg":1,"iceandfire:spawn_egg_ice_dragon":4,"alexscaves:spawn_egg_gammaroach":2,"twilightforest:adherent_spawn_egg":1,"cataclysm:deepling_priest_spawn_egg":1,"twilightforest:ur_ghast_spawn_egg":1,"alexscaves:spawn_egg_luxtructosaurus":11,"blue_skies:gatekeeper_spawn_egg":2,"iceandfire:spawn_egg_gorgon":7,"ancient_elements:selenite_crystal_slime_spawn_egg":1,"graveyard:reaper_spawn_egg":2,"alexscaves:spawn_egg_magnetron":1,"minecraft:torch":14,"ancient_elements:undead_gladiator_spawn_egg":1,"iceandfire:spawn_egg_pixie":5,"born_in_chaos_v1:bonescaller_not_despawn_spawn_egg":1,"born_in_chaos_v1:lifestealer_spawn_egg":1,"alexscaves:spawn_egg_ferrouslime":1,"iceandfire:spawn_egg_fire_dragon":4,"aquamirae:captain_cornelia_spawn_egg":1,"alexscaves:spawn_egg_teletor":1,"born_in_chaos_v1:dread_hound_not_despawn_spawn_egg":1,"born_in_chaos_v1:fallen_chaos_knight_spawn_egg":2,"cataclysm:deepling_warlock_spawn_egg":1,"twilightforest:death_tome_spawn_egg":1,"graveyard:corrupted_vindicator_spawn_egg":1,"graveyard:nightmare_spawn_egg":1,"cataclysm:modern_remnant_spawn_egg":2,"deep_dark_regrowth:weakened_bedrock":20,"iceandfire:spawn_egg_cyclops":2,"born_in_chaos_v1:dark_vortex_spawn_egg":1,"minecraft:bedrock":278,"twilightforest:helmet_crab_spawn_egg":1,"iceandfire:spawn_egg_lightning_dragon":11,"cataclysm:deepling_brute_spawn_egg":1,"graveyard:lich_spawn_egg":3,"cataclysm:the_leviathan_spawn_egg":1,"born_in_chaos_v1:door_knight_not_despawn_spawn_egg":1,"born_in_chaos_v1:skeleton_thrasher_not_despawn_spawn_egg":1,"aether:sentry_spawn_egg":2,"born_in_chaos_v1:spiritof_chaos_spawn_egg":1,"aether:evil_whirlwind_spawn_egg":2,"minecraft:wooden_pickaxe":15,"ancient_elements:aetherial_glaze_spawn_egg":1,"twilightforest:armored_giant_spawn_egg":2,"born_in_chaos_v1:mr_pumpkin_spawn_egg":1,"born_in_chaos_v1:firelight_not_despawn_spawn_egg":1,"born_in_chaos_v1:sir_pumpkinhead_spawn_egg":1,"graveyard:nameless_hanged_spawn_egg":2,"ancient_elements:galactrium_sword":1,"born_in_chaos_v1:lord_pumpkinhead_spawn_egg":1,"iceandfire:spawn_egg_dread_beast":1,"blue_skies:artificial_golem_spawn_egg":1,"minecraft:lingering_potion":26,"twilightforest:wraith_spawn_egg":1,"cataclysm:ender_guardian_spawn_egg":1,"minecraft:apple":1,"minecraft:bread":2,"cataclysm:ignited_berserker_spawn_egg":1,"graveyard:skeleton_creeper_spawn_egg":1,"graveyard:ghoul_spawn_egg":1,"blue_skies:shrumpty_spawn_egg":1,"graveyard:acolyte_spawn_egg":1,"iceandfire:spawn_egg_myrmex_royal":1,"aquamirae:maze_mother_spawn_egg":1,"cataclysm:coralssus_spawn_egg":1,"alexscaves:spawn_egg_boundroid":1,"cataclysm:netherite_monstrosity_spawn_egg":1,"graveyard:revenant_spawn_egg":2,"iceandfire:spawn_egg_dread_knight":1,"useless_sword:ravager_sword":3,"iceandfire:spawn_egg_hippogryph":7,"alexscaves:spawn_egg_notor":1,"born_in_chaos_v1:infernal_spirit_spawn_egg":1,"alexsmobs:animal_dictionary":1,"born_in_chaos_v1:zombie_clown_not_despawn_spawn_egg":2,"born_in_chaos_v1:decaying_zombie_not_despawn_spawn_egg":1},"minecraft:killed":{"undead_revamp2:sucker":1},"minecraft:mined":{"minecraft:carved_pumpkin":1,"minecraft:grass_block":3,"minecraft:spruce_fence":1,"minecraft:hay_block":1,"biomesoplenty:jacaranda_log":4,"biomesoplenty:tall_lavender":2,"biomesoplenty:lavender":1,"minecraft:stone":7,"minecraft:glass_pane":2,"minecraft:rose_bush":5,"minecraft:campfire":1,"minecraft:tall_grass":4,"minecraft:cobblestone":1,"biomesoplenty:sprout":8,"minecraft:wheat":29,"minecraft:brown_wall_banner":1,"minecraft:grass":36,"biomesoplenty:clover":17,"minecraft:oak_log":7,"minecraft:sand":3,"minecraft:dirt":1,"minecraft:oak_leaves":2},"minecraft:custom":{"minecraft:mob_kills":1,"minecraft:interact_with_crafting_table":4,"minecraft:damage_dealt_resisted":4,"minecraft:leave_game":5,"minecraft:time_since_death":82821,"minecraft:climb_one_cm":736,"minecraft:sprint_one_cm":222318,"minecraft:walk_one_cm":336884,"minecraft:drop":20,"minecraft:play_time":116217,"minecraft:deaths":8,"minecraft:sneak_time":9,"minecraft:walk_under_water_one_cm":1693,"minecraft:jump":650,"minecraft:walk_on_water_one_cm":9338,"minecraft:total_world_time":116217,"minecraft:time_since_rest":81113,"minecraft:damage_taken":2165,"minecraft:damage_dealt":548,"minecraft:swim_one_cm":7834,"minecraft:fly_one_cm":505618,"minecraft:open_chest":16,"minecraft:crouch_one_cm":15,"tombstone:undead_killed":1,"minecraft:fall_one_cm":6662}},"DataVersion":3465}