{"stats":{"minecraft:crafted":{"minecraft:oak_planks":4,"biomesoplenty:jacaranda_planks":8,"minecraft:crafting_table":1,"minecraft:wooden_pickaxe":1,"minecraft:furnace":1,"minecraft:stick":4},"minecraft:killed_by":{"undead_revamp2:sucker":1,"alexscaves:luxtructosaurus":3,"minecraft:skeleton":1,"alexscaves:brainiac":1,"alexscaves:relicheirus":1},"minecraft:picked_up":{"biomesoplenty:lavender":1,"iceandfire:spawn_egg_hippogryph":2,"minecraft:charcoal":2,"minecraft:wheat":26,"alexscaves:radgill":1,"alexscaves:primal_magma":6,"born_in_chaos_v1:spiritual_dust":3,"born_in_chaos_v1:seedof_chaos":1,"biomesoplenty:jacaranda_sapling":4,"minecraft:stone_brick_stairs":1,"minecraft:oak_log":9,"alexscaves:bioluminesscence":3,"iceandfire:spawn_egg_lightning_dragon":2,"aether:sentry_stone":1,"minecraft:dirt":46,"cataclysm:kobolediator_spawn_egg":64,"biomesoplenty:tall_lavender":3,"minecraft:wheat_seeds":84,"minecraft:rose_bush":3,"minecraft:soul_sand":1,"minecraft:stick":2,"born_in_chaos_v1:shattered_skull":1,"alexscaves:spawn_egg_teletor":1,"minecraft:spruce_fence":1,"minecraft:sand":3,"minecraft:stripped_spruce_log":1,"tombstone:grave_dust":2,"minecraft:rotten_flesh":2,"biomesoplenty:jacaranda_log":18,"minecraft:hay_block":1,"born_in_chaos_v1:infernal_spirit_spawn_egg":2,"minecraft:carved_pumpkin":1,"minecraft:golden_apple":1,"supplementaries:ash":1,"minecraft:oak_sapling":3,"minecraft:brown_banner":1,"minecraft:coal":4,"minecraft:cobblestone":28},"minecraft:dropped":{"alexscaves:spawn_egg_gammaroach":2,"born_in_chaos_v1:infernal_spirit_spawn_egg":2,"iceandfire:spawn_egg_lightning_dragon":2,"alexscaves:spawn_egg_teletor":1,"cataclysm:kobolediator_spawn_egg":64,"graveyard:skeleton_creeper_spawn_egg":2,"iceandfire:spawn_egg_myrmex_royal":64,"iceandfire:spawn_egg_hippogryph":2},"minecraft:used":{"aether:sentry_spawn_egg":2,"deep_dark_regrowth:corrupted_skeleton_spawn_egg":1,"born_in_chaos_v1:supreme_bonescaller_not_despawn_spawn_egg":1,"minecraft:rose_bush":3,"aether:evil_whirlwind_spawn_egg":2,"iceandfire:spawn_egg_ice_dragon":4,"twilightforest:adherent_spawn_egg":1,"alexscaves:spawn_egg_gammaroach":2,"cataclysm:deepling_priest_spawn_egg":1,"twilightforest:ur_ghast_spawn_egg":1,"iceandfire:spawn_egg_gorgon":7,"minecraft:wooden_pickaxe":15,"graveyard:reaper_spawn_egg":2,"twilightforest:armored_giant_spawn_egg":2,"alexscaves:spawn_egg_magnetron":1,"born_in_chaos_v1:firelight_not_despawn_spawn_egg":1,"ancient_elements:undead_gladiator_spawn_egg":1,"iceandfire:spawn_egg_pixie":5,"graveyard:nameless_hanged_spawn_egg":2,"born_in_chaos_v1:bonescaller_not_despawn_spawn_egg":1,"alexscaves:spawn_egg_ferrouslime":1,"iceandfire:spawn_egg_dread_beast":1,"aquamirae:captain_cornelia_spawn_egg":1,"iceandfire:spawn_egg_fire_dragon":4,"twilightforest:wraith_spawn_egg":1,"alexscaves:spawn_egg_teletor":1,"cataclysm:ender_guardian_spawn_egg":1,"born_in_chaos_v1:dread_hound_not_despawn_spawn_egg":1,"minecraft:apple":1,"cataclysm:deepling_warlock_spawn_egg":1,"cataclysm:ignited_berserker_spawn_egg":1,"twilightforest:death_tome_spawn_egg":1,"graveyard:corrupted_vindicator_spawn_egg":1,"minecraft:bread":2,"graveyard:nightmare_spawn_egg":1,"cataclysm:modern_remnant_spawn_egg":1,"graveyard:ghoul_spawn_egg":1,"graveyard:skeleton_creeper_spawn_egg":1,"graveyard:acolyte_spawn_egg":1,"iceandfire:spawn_egg_myrmex_royal":1,"iceandfire:spawn_egg_cyclops":2,"aquamirae:maze_mother_spawn_egg":1,"cataclysm:coralssus_spawn_egg":1,"alexscaves:spawn_egg_boundroid":1,"cataclysm:netherite_monstrosity_spawn_egg":1,"graveyard:revenant_spawn_egg":2,"twilightforest:helmet_crab_spawn_egg":1,"iceandfire:spawn_egg_lightning_dragon":11,"iceandfire:spawn_egg_dread_knight":1,"born_in_chaos_v1:infernal_spirit_spawn_egg":1,"alexscaves:spawn_egg_notor":1,"iceandfire:spawn_egg_hippogryph":7,"cataclysm:deepling_brute_spawn_egg":1,"graveyard:lich_spawn_egg":3,"alexsmobs:animal_dictionary":1,"born_in_chaos_v1:zombie_clown_not_despawn_spawn_egg":2,"cataclysm:the_leviathan_spawn_egg":1,"born_in_chaos_v1:door_knight_not_despawn_spawn_egg":1,"born_in_chaos_v1:decaying_zombie_not_despawn_spawn_egg":1,"born_in_chaos_v1:skeleton_thrasher_not_despawn_spawn_egg":1},"minecraft:killed":{"undead_revamp2:sucker":1},"minecraft:mined":{"minecraft:glass_pane":2,"minecraft:carved_pumpkin":1,"minecraft:grass_block":3,"minecraft:spruce_fence":1,"minecraft:rose_bush":5,"minecraft:campfire":1,"minecraft:tall_grass":4,"minecraft:cobblestone":1,"biomesoplenty:sprout":8,"minecraft:hay_block":1,"biomesoplenty:jacaranda_log":4,"biomesoplenty:tall_lavender":2,"minecraft:wheat":29,"biomesoplenty:lavender":1,"minecraft:brown_wall_banner":1,"minecraft:grass":36,"biomesoplenty:clover":17,"minecraft:oak_log":7,"minecraft:sand":3,"minecraft:dirt":1,"minecraft:stone":7,"minecraft:oak_leaves":2},"minecraft:custom":{"minecraft:mob_kills":1,"minecraft:interact_with_crafting_table":4,"minecraft:leave_game":4,"minecraft:time_since_death":23090,"minecraft:climb_one_cm":736,"minecraft:time_since_rest":21382,"minecraft:walk_one_cm":212704,"minecraft:sprint_one_cm":206242,"minecraft:damage_taken":2121,"minecraft:drop":9,"minecraft:damage_dealt":375,"minecraft:swim_one_cm":7834,"minecraft:fly_one_cm":211665,"minecraft:open_chest":16,"minecraft:play_time":56486,"tombstone:undead_killed":1,"minecraft:deaths":8,"minecraft:walk_under_water_one_cm":1690,"minecraft:jump":467,"minecraft:walk_on_water_one_cm":7965,"minecraft:total_world_time":56486,"minecraft:fall_one_cm":6662}},"DataVersion":3465}