{"stats":{"minecraft:killed_by":{"undead_revamp2:theheavy":1},"minecraft:used":{"alexsmobs:spawn_egg_mimic_octopus":1},"minecraft:mined":{"biomesoplenty:sprout":3},"minecraft:custom":{"minecraft:jump":29,"minecraft:time_since_rest":2134,"minecraft:deaths":1,"minecraft:damage_dealt":17,"minecraft:sprint_one_cm":6397,"minecraft:play_time":5987,"minecraft:damage_taken":220,"minecraft:time_since_death":4533,"minecraft:walk_one_cm":4992,"minecraft:total_world_time":5987,"minecraft:fall_one_cm":1035,"minecraft:fly_one_cm":167623}},"DataVersion":3465}