{"stats":{"minecraft:picked_up":{"minecraft:stick":2,"minecraft:azure_bluet":1,"minecraft:blue_orchid":1,"minecraft:brown_mushroom":1,"minecraft:wheat_seeds":2,"minecraft:dandelion":1},"minecraft:custom":{"minecraft:time_since_rest":13775,"minecraft:damage_taken":340,"minecraft:sprint_one_cm":108914,"minecraft:play_time":27305,"minecraft:deaths":1,"minecraft:walk_one_cm":73343,"minecraft:jump":251,"minecraft:damage_dealt":10,"minecraft:leave_game":5,"minecraft:time_since_death":13733,"minecraft:walk_on_water_one_cm":2368,"minecraft:climb_one_cm":848,"minecraft:total_world_time":27305,"minecraft:fall_one_cm":5294,"minecraft:fly_one_cm":25070},"minecraft:used":{"pixelmon:razz_berry":1},"minecraft:mined":{"minecraft:grass":13,"minecraft:brown_mushroom":1,"minecraft:dead_bush":1,"minecraft:tall_grass":1,"minecraft:blue_orchid":1,"minecraft:dandelion":1,"minecraft:oak_leaves":1,"minecraft:azure_bluet":1}},"DataVersion":3465}