{"stats":{"minecraft:crafted":{"minecraft:oak_planks":4,"biomesoplenty:jacaranda_planks":8,"minecraft:crafting_table":1,"minecraft:wooden_pickaxe":1,"minecraft:furnace":1,"minecraft:stick":4},"minecraft:killed_by":{"undead_revamp2:sucker":1,"alexscaves:luxtructosaurus":3,"minecraft:skeleton":1,"alexscaves:brainiac":1,"alexscaves:relicheirus":1},"minecraft:picked_up":{"biomesoplenty:lavender":1,"iceandfire:spawn_egg_hippogryph":2,"minecraft:charcoal":2,"minecraft:wheat":26,"alexscaves:radgill":1,"alexscaves:primal_magma":6,"born_in_chaos_v1:spiritual_dust":3,"born_in_chaos_v1:seedof_chaos":1,"biomesoplenty:jacaranda_sapling":4,"minecraft:stone_brick_stairs":1,"minecraft:oak_log":9,"alexscaves:bioluminesscence":3,"iceandfire:spawn_egg_lightning_dragon":2,"minecraft:dirt":43,"biomesoplenty:tall_lavender":3,"minecraft:wheat_seeds":84,"minecraft:rose_bush":3,"minecraft:stick":2,"born_in_chaos_v1:shattered_skull":1,"minecraft:spruce_fence":1,"minecraft:sand":3,"minecraft:stripped_spruce_log":1,"tombstone:grave_dust":2,"minecraft:rotten_flesh":2,"biomesoplenty:jacaranda_log":18,"minecraft:hay_block":1,"minecraft:carved_pumpkin":1,"minecraft:golden_apple":1,"supplementaries:ash":1,"minecraft:oak_sapling":3,"minecraft:brown_banner":1,"minecraft:coal":4,"minecraft:cobblestone":21},"minecraft:dropped":{"alexscaves:spawn_egg_gammaroach":2,"iceandfire:spawn_egg_lightning_dragon":2,"graveyard:skeleton_creeper_spawn_egg":2,"iceandfire:spawn_egg_myrmex_royal":64,"iceandfire:spawn_egg_hippogryph":2},"minecraft:used":{"aether:sentry_spawn_egg":2,"minecraft:rose_bush":3,"aether:evil_whirlwind_spawn_egg":2,"iceandfire:spawn_egg_ice_dragon":4,"alexscaves:spawn_egg_gammaroach":2,"iceandfire:spawn_egg_gorgon":7,"minecraft:wooden_pickaxe":15,"graveyard:reaper_spawn_egg":2,"iceandfire:spawn_egg_pixie":5,"graveyard:nameless_hanged_spawn_egg":2,"iceandfire:spawn_egg_dread_beast":1,"iceandfire:spawn_egg_fire_dragon":4,"minecraft:apple":1,"graveyard:corrupted_vindicator_spawn_egg":1,"minecraft:bread":2,"graveyard:nightmare_spawn_egg":1,"graveyard:ghoul_spawn_egg":1,"graveyard:skeleton_creeper_spawn_egg":1,"graveyard:acolyte_spawn_egg":1,"iceandfire:spawn_egg_myrmex_royal":1,"iceandfire:spawn_egg_cyclops":2,"graveyard:revenant_spawn_egg":2,"iceandfire:spawn_egg_lightning_dragon":11,"iceandfire:spawn_egg_dread_knight":1,"iceandfire:spawn_egg_hippogryph":7,"graveyard:lich_spawn_egg":3,"alexsmobs:animal_dictionary":1},"minecraft:killed":{"undead_revamp2:sucker":1},"minecraft:mined":{"minecraft:glass_pane":2,"minecraft:carved_pumpkin":1,"minecraft:grass_block":3,"minecraft:spruce_fence":1,"minecraft:rose_bush":5,"minecraft:campfire":1,"minecraft:tall_grass":4,"minecraft:cobblestone":1,"biomesoplenty:sprout":8,"minecraft:hay_block":1,"biomesoplenty:jacaranda_log":4,"biomesoplenty:tall_lavender":2,"minecraft:wheat":29,"biomesoplenty:lavender":1,"minecraft:brown_wall_banner":1,"minecraft:grass":36,"biomesoplenty:clover":17,"minecraft:oak_log":7,"minecraft:sand":3,"minecraft:dirt":1,"minecraft:stone":7,"minecraft:oak_leaves":2},"minecraft:custom":{"minecraft:mob_kills":1,"minecraft:interact_with_crafting_table":4,"minecraft:leave_game":4,"minecraft:time_since_death":11090,"minecraft:climb_one_cm":736,"minecraft:time_since_rest":9382,"minecraft:walk_one_cm":186053,"minecraft:sprint_one_cm":205765,"minecraft:damage_taken":2121,"minecraft:drop":6,"minecraft:damage_dealt":277,"minecraft:swim_one_cm":7834,"minecraft:fly_one_cm":174104,"minecraft:open_chest":16,"minecraft:play_time":44486,"tombstone:undead_killed":1,"minecraft:deaths":8,"minecraft:walk_under_water_one_cm":1690,"minecraft:jump":428,"minecraft:walk_on_water_one_cm":7965,"minecraft:total_world_time":44486,"minecraft:fall_one_cm":6662}},"DataVersion":3465}