{"stats":{"minecraft:picked_up":{"minecraft:stick":2,"minecraft:azure_bluet":1,"minecraft:blue_orchid":1,"minecraft:brown_mushroom":1,"minecraft:wheat_seeds":2,"minecraft:dandelion":1},"minecraft:custom":{"minecraft:time_since_rest":3850,"minecraft:walk_one_cm":47564,"minecraft:sprint_one_cm":99970,"minecraft:play_time":17380,"minecraft:damage_taken":340,"minecraft:deaths":1,"minecraft:jump":203,"minecraft:damage_dealt":10,"minecraft:leave_game":3,"minecraft:walk_on_water_one_cm":332,"minecraft:time_since_death":3808,"minecraft:climb_one_cm":730,"minecraft:total_world_time":17380,"minecraft:fly_one_cm":23606,"minecraft:fall_one_cm":5294},"minecraft:mined":{"minecraft:grass":13,"minecraft:brown_mushroom":1,"minecraft:dead_bush":1,"minecraft:tall_grass":1,"minecraft:blue_orchid":1,"minecraft:dandelion":1,"minecraft:oak_leaves":1,"minecraft:azure_bluet":1}},"DataVersion":3465}