{"stats":{"minecraft:crafted":{"minecraft:oak_planks":4,"biomesoplenty:jacaranda_planks":8,"minecraft:crafting_table":1,"minecraft:stick":4,"minecraft:wooden_pickaxe":1,"minecraft:furnace":1},"minecraft:killed_by":{"undead_revamp2:sucker":1,"minecraft:skeleton":1},"minecraft:picked_up":{"biomesoplenty:lavender":1,"minecraft:charcoal":2,"minecraft:wheat":26,"minecraft:spruce_fence":1,"minecraft:sand":3,"minecraft:stone_brick_stairs":1,"minecraft:oak_log":7,"minecraft:dirt":3,"biomesoplenty:tall_lavender":3,"minecraft:rotten_flesh":1,"biomesoplenty:jacaranda_log":5,"minecraft:wheat_seeds":75,"minecraft:hay_block":1,"minecraft:carved_pumpkin":1,"minecraft:rose_bush":3,"minecraft:golden_apple":1,"supplementaries:ash":1,"minecraft:brown_banner":1,"minecraft:coal":3,"minecraft:cobblestone":8},"minecraft:used":{"minecraft:rose_bush":3,"minecraft:apple":1,"minecraft:bread":2,"minecraft:wooden_pickaxe":15,"alexsmobs:animal_dictionary":1},"minecraft:mined":{"minecraft:hay_block":1,"biomesoplenty:jacaranda_log":4,"biomesoplenty:tall_lavender":2,"minecraft:glass_pane":2,"minecraft:wheat":29,"biomesoplenty:lavender":1,"minecraft:brown_wall_banner":1,"minecraft:carved_pumpkin":1,"minecraft:grass":28,"minecraft:spruce_fence":1,"biomesoplenty:clover":16,"minecraft:grass_block":2,"minecraft:oak_log":7,"minecraft:rose_bush":5,"minecraft:dirt":1,"minecraft:sand":3,"minecraft:campfire":1,"minecraft:cobblestone":1,"minecraft:tall_grass":1,"biomesoplenty:sprout":8,"minecraft:stone":7},"minecraft:custom":{"minecraft:time_since_rest":1,"minecraft:sprint_one_cm":126734,"minecraft:damage_taken":620,"minecraft:walk_one_cm":92327,"minecraft:damage_dealt":30,"minecraft:interact_with_crafting_table":4,"minecraft:swim_one_cm":4047,"minecraft:fly_one_cm":59321,"minecraft:open_chest":15,"minecraft:play_time":22163,"minecraft:deaths":3,"minecraft:walk_under_water_one_cm":357,"minecraft:jump":290,"minecraft:leave_game":3,"minecraft:walk_on_water_one_cm":4625,"minecraft:time_since_death":141,"minecraft:climb_one_cm":736,"minecraft:total_world_time":22163,"minecraft:fall_one_cm":5163}},"DataVersion":3465}