{"stats":{"minecraft:crafted":{"minecraft:oak_planks":4,"biomesoplenty:jacaranda_planks":8,"minecraft:crafting_table":1,"minecraft:stick":4,"minecraft:wooden_pickaxe":1},"minecraft:killed_by":{"minecraft:skeleton":1},"minecraft:picked_up":{"biomesoplenty:lavender":1,"minecraft:charcoal":2,"minecraft:wheat":26,"minecraft:sand":3,"minecraft:oak_log":7,"biomesoplenty:tall_lavender":3,"minecraft:rotten_flesh":1,"biomesoplenty:jacaranda_log":5,"minecraft:wheat_seeds":73,"minecraft:hay_block":1,"minecraft:carved_pumpkin":1,"minecraft:rose_bush":3,"minecraft:golden_apple":1,"minecraft:brown_banner":1,"minecraft:coal":3,"minecraft:cobblestone":2},"minecraft:used":{"minecraft:rose_bush":3,"minecraft:apple":1,"minecraft:bread":2,"minecraft:wooden_pickaxe":4,"alexsmobs:animal_dictionary":1},"minecraft:mined":{"minecraft:hay_block":1,"biomesoplenty:jacaranda_log":4,"biomesoplenty:tall_lavender":2,"minecraft:wheat":29,"biomesoplenty:lavender":1,"minecraft:brown_wall_banner":1,"minecraft:carved_pumpkin":1,"minecraft:grass":23,"biomesoplenty:clover":16,"minecraft:oak_log":7,"minecraft:rose_bush":5,"minecraft:sand":3,"minecraft:campfire":1,"minecraft:tall_grass":1,"biomesoplenty:sprout":4,"minecraft:stone":2},"minecraft:custom":{"minecraft:time_since_rest":1,"minecraft:sprint_one_cm":73638,"minecraft:damage_taken":200,"minecraft:walk_one_cm":58341,"minecraft:damage_dealt":10,"minecraft:swim_one_cm":1685,"minecraft:interact_with_crafting_table":2,"minecraft:fly_one_cm":35828,"minecraft:open_chest":14,"minecraft:play_time":14294,"minecraft:deaths":1,"minecraft:walk_under_water_one_cm":333,"minecraft:jump":176,"minecraft:time_since_death":186,"minecraft:leave_game":2,"minecraft:walk_on_water_one_cm":2505,"minecraft:total_world_time":14294,"minecraft:fall_one_cm":4372}},"DataVersion":3465}