{"stats":{"minecraft:killed_by":{"undead_revamp2:theheavy":1,"minecraft:zombified_piglin":1},"minecraft:picked_up":{"alexscaves:spawn_egg_tremorzilla":1,"minecraft:sunflower":1},"minecraft:used":{"undead_revamp2:invisiimmortal_spawn_egg":3,"minecraft:gunpowder":3,"minecraft:stick":5,"alexscaves:spawn_egg_brainiac":2,"alexsmobs:spawn_egg_mimic_octopus":3,"alexscaves:spawn_egg_tremorzilla":3,"alexscaves:spawn_egg_gammaroach":1,"mca:female_villager_spawn_egg":1,"undead_revamp2:slaveman_spawn_egg":2,"tombstone:gift":1,"crittersandcompanions:shima_enaga_spawn_egg":1,"aether:valkyrie_spawn_egg":1,"tameablebeasts:giant_roly_poly_spawn_egg":1,"tameablebeasts:chikote_spawn_egg":21,"tameablebeasts:scarecrow_spawn_egg":1,"tameablebeasts:argentavis_spawn_egg":3,"tameablebeasts:quetzal_spawn_egg":5,"undead_revamp2:theimmortal_spawn_egg":3,"tameablebeasts:crested_gecko_spawn_egg":2},"minecraft:dropped":{"tameablebeasts:giant_roly_poly_spawn_egg":1,"aether:valkyrie_spawn_egg":1,"tameablebeasts:argentavis_spawn_egg":1,"tameablebeasts:quetzal_spawn_egg":1,"undead_revamp2:theimmortal_spawn_egg":1,"alexscaves:spawn_egg_gammaroach":1,"undead_revamp2:slaveman_spawn_egg":1,"alexscaves:spawn_egg_tremorzilla":1},"minecraft:mined":{"minecraft:sunflower":1,"biomesoplenty:sprout":3},"minecraft:custom":{"minecraft:time_since_rest":17869,"minecraft:play_time":29987,"minecraft:sprint_one_cm":30352,"minecraft:walk_one_cm":90061,"minecraft:damage_taken":460,"minecraft:deaths":2,"minecraft:drop":8,"minecraft:damage_dealt_resisted":6,"minecraft:jump":144,"minecraft:damage_dealt":208,"minecraft:time_since_death":18810,"minecraft:walk_on_water_one_cm":401,"minecraft:total_world_time":29987,"minecraft:fall_one_cm":1035,"minecraft:fly_one_cm":215219}},"DataVersion":3465}