{"stats":{"minecraft:killed_by":{"undead_revamp2:theheavy":1,"minecraft:zombified_piglin":1},"minecraft:picked_up":{"undead_revamp2:invisiimmortal_spawn_egg":1,"alexscaves:spawn_egg_tremorsaurus":1,"alexscaves:spawn_egg_tremorzilla":1,"minecraft:sunflower":1},"minecraft:used":{"alexscaves:spawn_egg_brainiac":2,"alexscaves:spawn_egg_tremorsaurus":3,"alexscaves:spawn_egg_tremorzilla":5,"alexscaves:spawn_egg_gammaroach":1,"alexscaves:spawn_egg_luxtructosaurus":1,"undead_revamp2:slaveman_spawn_egg":2,"tameablebeasts:giant_roly_poly_spawn_egg":1,"crittersandcompanions:shima_enaga_spawn_egg":1,"aether:valkyrie_spawn_egg":1,"alexscaves:spawn_egg_vallumraptor":1,"alexscaves:spawn_egg_subterranodon":1,"tameablebeasts:quetzal_spawn_egg":5,"undead_revamp2:theimmortal_spawn_egg":3,"tameablebeasts:crested_gecko_spawn_egg":2,"minecraft:stick":5,"minecraft:gunpowder":3,"undead_revamp2:invisiimmortal_spawn_egg":3,"alexsmobs:spawn_egg_mimic_octopus":3,"mca:female_villager_spawn_egg":1,"tombstone:gift":1,"tameablebeasts:chikote_spawn_egg":21,"tameablebeasts:argentavis_spawn_egg":3,"tameablebeasts:scarecrow_spawn_egg":2},"minecraft:dropped":{"undead_revamp2:invisiimmortal_spawn_egg":1,"aether:valkyrie_spawn_egg":1,"tameablebeasts:argentavis_spawn_egg":1,"tameablebeasts:quetzal_spawn_egg":1,"alexscaves:spawn_egg_tremorsaurus":1,"alexscaves:spawn_egg_subterranodon":1,"undead_revamp2:theimmortal_spawn_egg":1,"alexscaves:spawn_egg_gammaroach":1,"tameablebeasts:giant_roly_poly_spawn_egg":1,"alexscaves:spawn_egg_brainiac":1,"undead_revamp2:slaveman_spawn_egg":1,"alexscaves:spawn_egg_tremorzilla":1},"minecraft:mined":{"minecraft:sunflower":1,"biomesoplenty:sprout":3},"minecraft:custom":{"minecraft:time_since_rest":23500,"minecraft:sprint_one_cm":35146,"minecraft:damage_taken":460,"minecraft:walk_one_cm":109962,"minecraft:drop":12,"minecraft:damage_dealt":235,"minecraft:fly_one_cm":273837,"minecraft:play_time":35618,"minecraft:deaths":2,"minecraft:walk_under_water_one_cm":308,"minecraft:jump":148,"minecraft:damage_dealt_resisted":6,"minecraft:leave_game":1,"minecraft:walk_on_water_one_cm":572,"minecraft:time_since_death":24441,"minecraft:total_world_time":35618,"minecraft:fall_one_cm":1035}},"DataVersion":3465}