{"stats":{"minecraft:crafted":{"minecraft:oak_planks":4,"biomesoplenty:jacaranda_planks":8,"minecraft:crafting_table":1,"minecraft:stick":4,"minecraft:wooden_pickaxe":1,"minecraft:furnace":1},"minecraft:killed_by":{"undead_revamp2:sucker":1,"alexscaves:luxtructosaurus":3,"minecraft:skeleton":1,"alexscaves:relicheirus":1},"minecraft:picked_up":{"biomesoplenty:lavender":1,"minecraft:charcoal":2,"minecraft:stick":2,"minecraft:wheat":26,"alexscaves:primal_magma":6,"minecraft:spruce_fence":1,"biomesoplenty:jacaranda_sapling":2,"minecraft:sand":3,"minecraft:oak_log":9,"minecraft:stone_brick_stairs":1,"minecraft:stripped_spruce_log":1,"tombstone:grave_dust":2,"minecraft:dirt":22,"biomesoplenty:tall_lavender":3,"minecraft:rotten_flesh":2,"biomesoplenty:jacaranda_log":11,"minecraft:wheat_seeds":82,"minecraft:hay_block":1,"minecraft:carved_pumpkin":1,"minecraft:rose_bush":3,"minecraft:golden_apple":1,"supplementaries:ash":1,"minecraft:oak_sapling":3,"minecraft:brown_banner":1,"minecraft:coal":4,"minecraft:cobblestone":18},"minecraft:used":{"minecraft:rose_bush":3,"minecraft:apple":1,"minecraft:bread":2,"minecraft:wooden_pickaxe":15,"alexsmobs:animal_dictionary":1},"minecraft:killed":{"undead_revamp2:sucker":1},"minecraft:mined":{"minecraft:hay_block":1,"biomesoplenty:jacaranda_log":4,"biomesoplenty:tall_lavender":2,"minecraft:glass_pane":2,"minecraft:wheat":29,"biomesoplenty:lavender":1,"minecraft:brown_wall_banner":1,"minecraft:carved_pumpkin":1,"minecraft:grass":36,"biomesoplenty:clover":17,"minecraft:spruce_fence":1,"minecraft:grass_block":3,"minecraft:oak_log":7,"minecraft:rose_bush":5,"minecraft:campfire":1,"minecraft:sand":3,"minecraft:dirt":1,"minecraft:tall_grass":4,"minecraft:cobblestone":1,"biomesoplenty:sprout":8,"minecraft:stone":7,"minecraft:oak_leaves":2},"minecraft:custom":{"minecraft:time_since_rest":887,"minecraft:sprint_one_cm":191931,"minecraft:damage_taken":1726,"minecraft:walk_one_cm":146095,"minecraft:mob_kills":1,"minecraft:damage_dealt":222,"minecraft:interact_with_crafting_table":4,"minecraft:swim_one_cm":7834,"minecraft:fly_one_cm":96989,"minecraft:open_chest":16,"minecraft:play_time":32486,"tombstone:undead_killed":1,"minecraft:deaths":7,"minecraft:walk_under_water_one_cm":1690,"minecraft:jump":376,"minecraft:leave_game":4,"minecraft:walk_on_water_one_cm":7965,"minecraft:time_since_death":1352,"minecraft:climb_one_cm":736,"minecraft:total_world_time":32486,"minecraft:fall_one_cm":5991}},"DataVersion":3465}