{"stats":{"minecraft:crafted":{"minecraft:oak_planks":24},"minecraft:picked_up":{"minecraft:oak_log":6,"minecraft:dirt":6},"minecraft:custom":{"minecraft:jump":254,"minecraft:time_since_rest":11002,"minecraft:damage_taken":70,"minecraft:leave_game":2,"minecraft:time_since_death":11002,"minecraft:play_time":11002,"minecraft:sprint_one_cm":32271,"minecraft:walk_on_water_one_cm":946,"minecraft:walk_one_cm":17337,"minecraft:total_world_time":11002,"minecraft:sneak_time":8,"minecraft:climb_one_cm":105,"minecraft:walk_under_water_one_cm":44,"minecraft:swim_one_cm":606,"minecraft:fall_one_cm":6328,"minecraft:fly_one_cm":50882},"minecraft:used":{"minecraft:rotten_flesh":1},"minecraft:mined":{"minecraft:grass":1,"minecraft:grass_block":6,"minecraft:oak_log":6,"minecraft:oak_leaves":1}},"DataVersion":3465}