{"stats":{"minecraft:picked_up":{"minecraft:oak_log":6,"pixelmon:apricorn_log":6,"pixelmon:apricorn_leaves_black":10,"minecraft:dirt":6},"minecraft:crafted":{"minecraft:oak_planks":24},"minecraft:custom":{"minecraft:time_since_rest":17912,"minecraft:sprint_one_cm":41131,"minecraft:play_time":17912,"minecraft:damage_taken":100,"minecraft:walk_one_cm":46256,"minecraft:sneak_time":8,"minecraft:walk_under_water_one_cm":44,"minecraft:jump":349,"minecraft:leave_game":6,"minecraft:walk_on_water_one_cm":2074,"minecraft:time_since_death":17912,"minecraft:climb_one_cm":627,"minecraft:total_world_time":17912,"minecraft:swim_one_cm":606,"minecraft:fall_one_cm":7521,"minecraft:fly_one_cm":55385},"minecraft:used":{"minecraft:rotten_flesh":1},"minecraft:mined":{"minecraft:grass":15,"minecraft:grass_block":6,"pixelmon:apricorn_leaves_black":7,"minecraft:oak_log":6,"pixelmon:apricorn_log":6,"minecraft:oak_leaves":2}},"DataVersion":3465}